longitude,latitude
126.71063192820095,33.29221653467845
126.38151798312721,33.473653879077546
126.92659937356548,33.47555051897852
126.53139312908033,33.50733279587328
126.41912935957909,33.25160087484181
126.24648294773014,33.39513913354968
126.5643314518244,33.248971699833575
126.68062402184079,33.43878820175561
126.28711828512023,33.229897824166166
126.4554103442589,33.48650967338272
126.6668085876241,33.53837716347233
126.84342504106567,33.51652606105664
126.82878827740142,33.33269976269821
126.36231493609843,33.27161977022235
126.91401960097565,33.43566823339628
126.37245279666108,33.37870874856105
126.62122470499862,33.274760654861495
126.50688377638889,33.25212952483913
126.49245926815387,33.497591859652765
126.18608039830339,33.32403653948769
126.31171417714032,33.455354176916245
126.7720810475026,33.55072973956573
126.30081640995712,33.312085535926585
126.60466309287936,33.449538735176866
126.77060930352083,33.42855298731644
